pays,date_inscription,date_dernier_achat,total_dépense,anciennete_jours,recence_jours,duree_entre_achat,statut_client
Burkina Faso,2023-08-20,2024-01-22,1017.16,636,481,155,Inactif
Côte d'Ivoire,2023-12-20,2024-05-22,4012.06,514,360,154,Inactif
Burkina Faso,2024-08-20,2024-09-28,1304.74,270,231,39,Inactif
Cameroun,2023-01-22,2023-03-21,654.38,846,788,58,Inactif
Côte d'Ivoire,2022-10-26,2024-11-05,2757.24,934,193,741,Inactif
Burkina Faso,2023-05-29,2023-10-31,1864.85,719,564,155,Inactif
Burkina Faso,2024-02-21,2024-09-23,2014.87,451,236,215,Inactif
Togo,2023-05-10,2025-03-20,2787.87,738,58,680,Actif
Togo,2025-02-24,2025-10-04,2370.91,82,-140,222,Actif
Cameroun,2022-04-12,2023-02-10,1751.19,1131,827,304,Inactif
Burkina Faso,2022-08-21,2023-09-03,4012.99,1000,622,378,Inactif
Burkina Faso,2023-01-07,2023-08-26,1068.7,861,630,231,Inactif
Sénégal,2022-09-29,2023-04-22,4903.66,961,756,205,Inactif
Togo,2023-02-01,2024-03-14,1084.81,836,429,407,Inactif
Burkina Faso,2023-11-30,2025-03-07,4375.04,534,71,463,Actif
Burkina Faso,2025-04-22,2025-04-26,207.3,25,21,4,Actif
Côte d'Ivoire,2022-12-21,2025-01-24,2826.56,878,113,765,Actif
Cameroun,2023-11-08,2024-11-18,4561.42,556,180,376,Actif
Côte d'Ivoire,2023-10-01,2024-12-26,1840.76,594,142,452,Actif
Togo,2022-01-09,2024-02-02,3664.56,1224,470,754,Inactif
Burkina Faso,2025-02-26,2025-06-04,1341.2,80,-18,98,Actif
Burkina Faso,2025-02-14,2025-03-13,1646.95,92,65,27,Actif
Cameroun,2024-10-12,2024-12-21,3877.01,217,147,70,Actif
Cameroun,2022-08-01,2023-03-31,285.55,1020,778,242,Inactif
Togo,2023-06-02,2024-10-05,725.25,715,224,491,Inactif
Togo,2024-09-16,2025-04-03,4682.25,243,44,199,Actif
Cameroun,2024-11-19,2025-12-04,1119.52,179,-201,380,Actif
Côte d'Ivoire,2024-08-08,2024-10-31,4725.02,282,198,84,Inactif
Côte d'Ivoire,2023-10-02,2024-03-02,3726.41,593,441,152,Inactif
Côte d'Ivoire,2023-01-28,2024-10-22,553.88,840,207,633,Inactif
Togo,2023-07-13,2024-03-26,1128.09,674,417,257,Inactif
Togo,2024-06-26,2025-06-03,2389.4,325,-17,342,Actif
Sénégal,2022-08-12,2022-10-31,385.99,1009,929,80,Inactif
Burkina Faso,2023-05-29,2024-10-10,4278.5,719,219,500,Inactif
Sénégal,2024-11-10,2024-12-12,1639.31,188,156,32,Actif
Burkina Faso,2023-07-22,2024-05-20,1181.46,665,362,303,Inactif
Cameroun,2022-12-20,2024-12-05,1398.84,879,163,716,Actif
Sénégal,2022-11-01,2023-05-14,3625.23,928,734,194,Inactif
Cameroun,2023-09-13,2023-11-03,2845.4,612,561,51,Inactif
Burkina Faso,2024-12-30,2025-03-20,1801.89,138,58,80,Actif
Cameroun,2023-03-16,2023-04-28,1717.05,793,750,43,Inactif
Burkina Faso,2025-03-15,2025-04-04,1761.95,63,43,20,Actif
Togo,2022-09-22,2025-04-29,3080.41,968,18,950,Actif
Togo,2023-08-18,2025-01-15,2488.23,638,122,516,Actif
Cameroun,2022-07-28,2022-03-12,4451.78,1024,1162,-138,Inactif
Burkina Faso,2025-04-26,2025-04-27,889.64,21,20,1,Actif
Cameroun,2023-03-02,2023-10-26,4646.01,807,569,238,Inactif
Sénégal,2024-05-14,2024-12-19,3945.19,368,149,219,Actif
Togo,2022-09-15,2023-05-19,2602.79,975,729,246,Inactif
Togo,2025-02-28,2025-04-09,435.82,78,38,40,Actif
Burkina Faso,2022-06-24,2023-03-22,167.19,1058,787,271,Inactif
Burkina Faso,2025-02-25,2025-12-04,2181.2,81,-201,282,Actif
Togo,2024-04-25,2024-05-27,3076.88,387,355,32,Inactif
Cameroun,2023-05-24,2024-04-11,4519.94,724,401,323,Inactif
Burkina Faso,2024-10-20,2024-11-02,450.15,209,196,13,Inactif
Burkina Faso,2023-01-04,2024-08-14,2488.38,864,276,588,Inactif
Burkina Faso,2023-01-29,2023-11-17,2104.45,839,547,292,Inactif
Togo,2024-01-11,2024-11-25,1928.74,492,173,319,Actif
Burkina Faso,2023-02-26,2024-05-25,1816.65,811,357,454,Inactif
Cameroun,2023-02-07,2023-07-15,3801.35,830,672,158,Inactif
Togo,2022-09-09,2023-11-11,1682.07,981,553,428,Inactif
Burkina Faso,2023-11-14,2024-05-25,724.58,550,357,193,Inactif
Sénégal,2023-01-14,2024-01-17,3767.3,854,486,368,Inactif
Togo,2023-03-04,2024-02-29,4826.82,805,443,362,Inactif
Burkina Faso,2023-07-02,2025-03-23,3899.37,685,55,630,Actif
Togo,2022-07-25,2023-03-31,4211.43,1027,778,249,Inactif
Togo,2024-08-10,2024-08-10,3860.47,280,280,0,Inactif
Burkina Faso,2023-10-11,2025-04-15,4080.34,584,32,552,Actif
Cameroun,2023-12-31,2025-01-05,398.7,503,132,371,Actif
Cameroun,2023-06-08,2023-08-18,4136.5,709,638,71,Inactif
Togo,2023-12-28,2025-02-07,2840.89,506,99,407,Actif
Burkina Faso,2022-11-25,2024-10-30,4030.44,904,199,705,Inactif
Cameroun,2023-07-27,2025-01-27,632.06,660,110,550,Actif
Togo,2024-04-07,2024-06-07,4477.25,405,344,61,Inactif
Burkina Faso,2024-09-19,2025-04-26,4686.17,240,21,219,Actif
Burkina Faso,2023-06-14,2023-07-12,2545.7,703,675,28,Inactif
Burkina Faso,2024-09-26,2025-04-06,732.11,233,41,192,Actif
Togo,2024-11-06,2025-02-19,4736.52,192,87,105,Actif
Côte d'Ivoire,2024-03-26,2025-02-25,3248.7,417,81,336,Actif
Côte d'Ivoire,2024-07-19,2024-07-20,197.95,302,301,1,Inactif
Côte d'Ivoire,2022-06-01,2023-07-17,469.11,1081,670,411,Inactif
Côte d'Ivoire,2024-05-29,2025-02-05,2307.23,353,101,252,Actif
Burkina Faso,2024-09-20,2024-11-19,575.98,239,179,60,Actif
Côte d'Ivoire,2025-01-22,2025-08-02,1858.43,115,-77,192,Actif
Togo,2025-01-03,2025-04-16,3543.14,134,31,103,Actif
Côte d'Ivoire,2024-02-24,2025-04-19,2418.8,448,28,420,Actif
Côte d'Ivoire,2023-07-01,2024-06-09,419.15,686,342,344,Inactif
Cameroun,2022-12-21,2023-09-23,2421.78,878,602,276,Inactif
Togo,2024-04-09,2024-07-06,1006.94,403,315,88,Inactif
Cameroun,2024-09-11,2024-11-24,432.22,248,174,74,Actif
Cameroun,2024-03-03,2024-03-06,1748.94,440,437,3,Inactif
Burkina Faso,2022-09-04,2025-12-01,1290.46,986,-198,1184,Actif
Cameroun,2023-01-08,2024-09-14,2908.15,860,245,615,Inactif
Côte d'Ivoire,2024-10-02,2024-12-27,3334.64,227,141,86,Actif
Burkina Faso,2023-02-05,2024-03-13,2276.05,832,430,402,Inactif
Togo,2023-07-11,2024-10-05,256.93,676,224,452,Inactif
Côte d'Ivoire,2023-02-25,2023-08-05,3421.89,812,651,161,Inactif
Côte d'Ivoire,2025-02-21,2025-04-23,2452.76,85,24,61,Actif
Togo,2024-07-23,2025-01-03,4759.91,298,134,164,Actif
Cameroun,2022-05-07,2025-01-25,1760.87,1106,112,994,Actif
Burkina Faso,2025-04-13,2025-04-18,4778.34,34,29,5,Actif
Burkina Faso,2022-11-23,2024-09-26,2055.58,906,233,673,Inactif
Sénégal,2023-03-09,2024-08-25,2162.01,800,265,535,Inactif
Sénégal,2024-03-20,2024-05-13,2739.25,423,369,54,Inactif
Côte d'Ivoire,2024-04-09,2025-02-21,3617.33,403,85,318,Actif
Togo,2024-08-18,2025-03-16,1943.77,272,62,210,Actif
Togo,2023-06-27,2024-01-08,2168.14,690,495,195,Inactif
Sénégal,2022-08-05,2024-09-03,3873.97,1016,256,760,Inactif
Burkina Faso,2022-12-12,2023-03-23,506.56,887,786,101,Inactif
Côte d'Ivoire,2024-05-14,2024-06-25,4962.6,368,326,42,Inactif
Burkina Faso,2024-04-18,2024-09-05,608.98,394,254,140,Inactif
Burkina Faso,2023-01-31,2023-10-30,2449.41,837,565,272,Inactif
Cameroun,2023-02-02,2024-12-22,3321.88,835,146,689,Actif
Côte d'Ivoire,2022-10-05,2023-06-09,2805.33,955,708,247,Inactif
Sénégal,2023-01-13,2023-10-09,3480.01,855,586,269,Inactif
Cameroun,2024-05-04,2024-07-30,1033.73,378,291,87,Inactif
Cameroun,2022-10-12,2023-07-31,4137.33,948,656,292,Inactif
Burkina Faso,2022-10-24,2024-09-05,3841.07,936,254,682,Inactif
Côte d'Ivoire,2022-11-01,2023-02-17,265.78,928,820,108,Inactif
Sénégal,2023-11-27,2024-01-27,4231.49,537,476,61,Inactif
Burkina Faso,2024-12-29,2025-04-13,252.7,139,34,105,Actif
Burkina Faso,2022-09-16,2024-07-19,4196.58,974,302,672,Inactif
Burkina Faso,2023-03-16,2024-10-22,1716.21,793,207,586,Inactif
Cameroun,2023-06-07,2025-01-21,4027.9,710,116,594,Actif
Togo,2025-02-26,2025-02-26,3284.91,80,80,0,Actif
Sénégal,2023-07-27,2024-08-21,1764.88,660,269,391,Inactif
Togo,2022-10-29,2024-07-06,4804.99,931,315,616,Inactif
Sénégal,2024-02-14,2024-03-15,481.17,458,428,30,Inactif
Cameroun,2024-08-18,2024-11-03,1365.05,272,195,77,Inactif
Burkina Faso,2023-01-25,2023-04-12,1487.01,843,766,77,Inactif
Burkina Faso,2023-05-19,2025-03-22,183.75,729,56,673,Actif
Côte d'Ivoire,2023-09-02,2025-01-04,4660.33,623,133,490,Actif
Togo,2024-04-14,2024-07-28,1713.43,398,293,105,Inactif
Burkina Faso,2022-07-13,2025-03-06,2412.44,1039,72,967,Actif
Burkina Faso,2024-02-28,2024-03-09,1569.09,444,434,10,Inactif
Cameroun,2024-04-28,2024-07-21,2197.08,384,300,84,Inactif
Togo,2023-12-24,2025-01-24,2189.68,510,113,397,Actif
Burkina Faso,2024-07-10,2025-01-17,4359.96,311,120,191,Actif
Côte d'Ivoire,2024-04-11,2025-01-24,1592.29,401,113,288,Actif
Sénégal,2024-05-01,2025-03-20,4990.81,381,58,323,Actif
Burkina Faso,2025-03-03,2025-03-31,4745.69,75,47,28,Actif
Burkina Faso,2024-05-26,2025-01-14,2821.01,356,123,233,Actif
Côte d'Ivoire,2025-04-01,2025-04-25,3938.28,46,22,24,Actif
Sénégal,2023-04-12,2024-11-24,3287.86,766,174,592,Actif
Côte d'Ivoire,2025-04-22,2025-04-29,3486.14,25,18,7,Actif
Togo,2025-01-31,2025-02-14,4411.32,106,92,14,Actif
Sénégal,2022-06-11,2023-05-25,803.86,1071,723,348,Inactif
Cameroun,2023-11-16,2024-02-20,3440.36,548,452,96,Inactif
Sénégal,2024-01-24,2024-04-24,521.38,479,388,91,Inactif
Burkina Faso,2024-11-16,2024-11-21,3965.36,182,177,5,Actif
Côte d'Ivoire,2023-12-15,2024-08-06,2923.35,519,284,235,Inactif
Burkina Faso,2023-07-09,2025-04-23,3483.17,678,24,654,Actif
Sénégal,2022-05-26,2024-05-25,2913.65,1087,357,730,Inactif
Côte d'Ivoire,2023-09-18,2024-05-07,4748.32,607,375,232,Inactif
Burkina Faso,2023-04-05,2024-11-23,1620.99,773,175,598,Actif
Côte d'Ivoire,2023-04-08,2024-02-10,1373.57,770,462,308,Inactif
Togo,2023-11-01,2024-02-28,2287.36,563,444,119,Inactif
Burkina Faso,2022-03-07,2024-06-25,3464.62,1167,326,841,Inactif
Burkina Faso,2024-01-25,2024-08-07,2276.45,478,283,195,Inactif
Burkina Faso,2023-01-21,2024-05-06,1390.16,847,376,471,Inactif
Côte d'Ivoire,2024-12-11,2025-04-23,4209.49,157,24,133,Actif
Sénégal,2022-08-27,2024-11-01,3420.62,994,197,797,Inactif
Côte d'Ivoire,2023-05-09,2023-06-01,3459.47,739,716,23,Inactif
Togo,2023-12-22,2024-01-02,4238.18,512,501,11,Inactif
Côte d'Ivoire,2022-07-11,2024-11-07,333.22,1041,191,850,Inactif
Burkina Faso,2024-06-08,2024-08-20,4202.19,343,270,73,Inactif
Sénégal,2023-08-10,2023-11-06,1626.57,646,558,88,Inactif
Cameroun,2025-04-25,2025-04-26,2534.98,22,21,1,Actif
Burkina Faso,2024-09-14,2024-02-11,294.88,245,461,-216,Inactif
Sénégal,2025-02-12,2025-07-04,156.85,94,-48,142,Actif
Sénégal,2025-03-15,2025-03-30,1434.79,63,48,15,Actif
Sénégal,2024-01-14,2024-12-22,2574.38,489,146,343,Actif
Côte d'Ivoire,2023-08-06,2024-08-15,4235.91,650,275,375,Inactif
Togo,2023-04-15,2024-04-10,4094.17,763,402,361,Inactif
Cameroun,2024-03-12,2025-11-04,3072.84,431,-171,602,Actif
Cameroun,2024-04-17,2025-01-02,3845.68,395,135,260,Actif
Burkina Faso,2022-02-05,2022-11-09,2180.11,1197,920,277,Inactif
Togo,2023-10-02,2024-06-29,2603.71,593,322,271,Inactif
Burkina Faso,2023-04-07,2023-03-10,926.1,771,799,-28,Inactif
Sénégal,2025-01-20,2025-02-15,4978.86,117,91,26,Actif
Burkina Faso,2024-05-29,2024-10-06,3880.88,353,223,130,Inactif
Togo,2025-03-19,2025-03-19,2618.61,59,59,0,Actif
Côte d'Ivoire,2023-05-01,2024-08-19,3978.17,747,271,476,Inactif
Togo,2022-10-27,2024-04-16,4533.59,933,396,537,Inactif
Burkina Faso,2023-06-01,2024-01-12,3457.25,716,491,225,Inactif
Togo,2024-11-06,2025-03-24,4235.39,192,54,138,Actif
Burkina Faso,2023-07-14,2023-10-26,4065.47,673,569,104,Inactif
Burkina Faso,2023-08-03,2024-10-22,2520.86,653,207,446,Inactif
Burkina Faso,2024-03-01,2024-12-07,4991.94,442,161,281,Actif
Togo,2022-02-12,2024-01-15,1537.09,1190,488,702,Inactif
Burkina Faso,2023-07-27,2024-11-10,3270.93,660,188,472,Inactif
Burkina Faso,2023-04-21,2024-06-22,668.29,757,329,428,Inactif
Togo,2024-10-15,2024-11-01,1423.66,214,197,17,Inactif
Sénégal,2022-12-05,2023-10-07,4481.93,894,588,306,Inactif
Sénégal,2023-12-18,2023-12-21,1203.17,516,513,3,Inactif
Togo,2024-04-17,2025-04-18,4666.41,395,29,366,Actif
Côte d'Ivoire,2024-02-14,2024-10-09,3238.02,458,220,238,Inactif
Togo,2024-03-29,2025-02-18,4909.07,414,88,326,Actif
Cameroun,2024-12-26,2025-02-25,3768.64,142,81,61,Actif
Cameroun,2025-12-02,2025-03-02,2007.82,-199,76,-275,Actif
Burkina Faso,2024-12-21,2025-08-01,4027.66,147,-76,223,Actif
Togo,2025-02-28,2025-04-24,1296.02,78,23,55,Actif
Burkina Faso,2025-03-08,2025-04-13,1484.44,70,34,36,Actif
Cameroun,2023-09-05,2023-12-22,567.24,620,512,108,Inactif
Togo,2023-12-03,2024-09-14,889.79,531,245,286,Inactif
Côte d'Ivoire,2024-08-26,2025-04-12,2081.25,264,35,229,Actif
Togo,2022-11-30,2023-05-27,3576.27,899,721,178,Inactif
Burkina Faso,2024-04-23,2024-05-10,3487.81,389,372,17,Inactif
Burkina Faso,2022-12-31,2024-12-31,4890.06,868,137,731,Actif
Sénégal,2024-08-01,2024-01-28,4062.0,289,475,-186,Inactif
Togo,2022-07-31,2022-09-17,447.53,1021,973,48,Inactif
Burkina Faso,2023-07-25,2024-08-01,2591.32,662,289,373,Inactif
Cameroun,2022-08-22,2024-06-05,2716.04,999,346,653,Inactif
Burkina Faso,2024-02-21,2024-11-28,1281.91,451,170,281,Actif
Côte d'Ivoire,2022-11-17,2023-11-27,3746.45,912,537,375,Inactif
Togo,2022-11-14,2023-10-02,1752.9,915,593,322,Inactif
Burkina Faso,2025-01-04,2025-01-24,4367.89,133,113,20,Actif
Cameroun,2022-05-23,2025-01-05,2679.34,1090,132,958,Actif
Cameroun,2023-01-15,2025-03-25,2042.05,853,53,800,Actif
Sénégal,2024-06-14,2024-12-25,1716.95,337,143,194,Actif
Sénégal,2024-11-13,2025-01-31,2506.33,185,106,79,Actif
Burkina Faso,2024-11-24,2025-04-01,4195.54,174,46,128,Actif
Côte d'Ivoire,2025-03-21,2025-04-15,4084.52,57,32,25,Actif
Burkina Faso,2025-02-23,2025-03-07,1392.29,83,71,12,Actif
Côte d'Ivoire,2022-06-20,2023-08-18,4463.84,1062,638,424,Inactif
Cameroun,2023-02-01,2023-05-09,589.87,836,739,97,Inactif
Sénégal,2024-03-26,2024-05-23,3779.38,417,359,58,Inactif
Sénégal,2024-01-27,2024-09-10,655.29,476,249,227,Inactif
Sénégal,2023-08-17,2024-10-22,2073.13,639,207,432,Inactif
Cameroun,2024-01-17,2024-11-22,4498.24,486,176,310,Actif
Cameroun,2024-02-22,2024-05-16,4078.59,450,366,84,Inactif
Côte d'Ivoire,2024-06-08,2025-02-26,1098.89,343,80,263,Actif
Burkina Faso,2024-03-23,2025-01-08,1638.23,420,129,291,Actif
Sénégal,2023-06-05,2023-05-27,2038.19,712,721,-9,Inactif
Burkina Faso,2024-01-10,2024-02-07,182.72,493,465,28,Inactif
Togo,2025-02-24,2025-04-13,3140.56,82,34,48,Actif
Togo,2022-08-08,2023-07-23,698.04,1013,664,349,Inactif
Burkina Faso,2024-12-14,2025-04-17,2412.49,154,30,124,Actif
Cameroun,2024-02-15,2024-12-17,1955.25,457,151,306,Actif
Burkina Faso,2024-01-07,2024-12-15,3348.2,496,153,343,Actif
Togo,2022-09-17,2024-11-29,1737.39,973,169,804,Actif
Togo,2024-02-01,2024-02-06,3697.95,471,466,5,Inactif
Burkina Faso,2023-09-16,2024-07-30,2698.49,609,291,318,Inactif
Burkina Faso,2025-06-01,2025-02-05,4065.28,-15,101,-116,Actif
Côte d'Ivoire,2024-02-13,2024-02-28,2870.53,459,444,15,Inactif
Cameroun,2022-07-10,2023-01-02,4406.9,1042,866,176,Inactif
Burkina Faso,2022-10-28,2023-09-21,2304.43,932,604,328,Inactif
Cameroun,2023-05-20,2023-05-27,822.08,728,721,7,Inactif
Côte d'Ivoire,2023-12-19,2024-04-11,4448.99,515,401,114,Inactif
Burkina Faso,2025-01-04,2025-04-26,316.6,133,21,112,Actif
Burkina Faso,2023-06-28,2025-02-22,4563.59,689,84,605,Actif
Cameroun,2024-06-28,2025-01-31,2025.99,323,106,217,Actif
Togo,2024-11-19,2025-01-08,3275.49,179,129,50,Actif
Togo,2022-12-02,2023-01-12,1621.1,897,856,41,Inactif
Togo,2024-08-28,2024-11-10,476.03,262,188,74,Inactif
Cameroun,2023-06-14,2025-04-19,3088.8,703,28,675,Actif
Sénégal,2024-12-29,2025-01-23,3749.76,139,114,25,Actif
Côte d'Ivoire,2024-08-24,2025-02-15,1225.02,266,91,175,Actif
Côte d'Ivoire,2025-08-01,2025-03-10,418.06,-76,68,-144,Actif
Côte d'Ivoire,2024-06-21,2025-04-12,1131.71,330,35,295,Actif
Sénégal,2023-04-01,2023-05-07,3307.26,777,741,36,Inactif
Burkina Faso,2023-07-19,2023-08-15,4964.48,668,641,27,Inactif
Burkina Faso,2024-11-07,2024-12-03,1436.89,191,165,26,Actif
Sénégal,2023-06-02,2023-06-27,1088.16,715,690,25,Inactif
Côte d'Ivoire,2023-05-30,2024-07-18,636.71,718,303,415,Inactif
Cameroun,2024-11-11,2025-03-22,1868.72,187,56,131,Actif
Cameroun,2024-12-29,2025-01-28,2330.5,139,109,30,Actif
Burkina Faso,2023-08-22,2023-05-10,1309.59,634,738,-104,Inactif
Côte d'Ivoire,2023-09-28,2023-12-15,2526.8,597,519,78,Inactif
Togo,2023-07-22,2023-11-14,1048.97,665,550,115,Inactif
Cameroun,2023-04-28,2023-10-28,4368.59,750,567,183,Inactif
Togo,2025-02-28,2025-02-28,1298.0,78,78,0,Actif
Togo,2023-06-26,2023-10-26,993.6,691,569,122,Inactif
Togo,2023-08-03,2024-09-09,2179.42,653,250,403,Inactif
Togo,2023-02-06,2023-10-01,2270.52,831,594,237,Inactif
Togo,2022-08-07,2023-12-05,3417.86,1014,529,485,Inactif
Cameroun,2022-10-31,2022-12-11,3539.86,929,888,41,Inactif
Côte d'Ivoire,2023-06-29,2024-07-02,1554.88,688,319,369,Inactif
Burkina Faso,2024-05-24,2025-02-26,1756.14,358,80,278,Actif
Togo,2023-02-05,2023-02-18,1224.52,832,819,13,Inactif
Togo,2024-03-29,2024-08-20,4591.14,414,270,144,Inactif
Togo,2024-08-09,2025-03-01,2231.81,281,77,204,Actif
Togo,2023-01-07,2025-03-07,2711.51,861,71,790,Actif
Sénégal,2023-05-06,2023-06-27,2547.94,742,690,52,Inactif
Côte d'Ivoire,2024-11-12,2025-04-21,640.72,186,26,160,Actif
Côte d'Ivoire,2022-02-07,2023-07-28,4830.09,1195,659,536,Inactif
Cameroun,2022-07-16,2022-09-16,2069.22,1036,974,62,Inactif
Togo,2024-12-25,2025-01-18,3498.85,143,119,24,Actif
Burkina Faso,2024-10-01,2024-11-21,199.03,228,177,51,Actif
Togo,2025-02-03,2025-02-03,3308.0,103,103,0,Actif
Sénégal,2023-12-29,2024-03-02,577.23,505,441,64,Inactif
Cameroun,2024-03-05,2024-12-27,4437.88,438,141,297,Actif
Burkina Faso,2023-08-29,2024-12-16,3202.0,627,152,475,Actif
Burkina Faso,2022-06-17,2023-08-27,3454.26,1065,629,436,Inactif
Cameroun,2022-07-06,2023-06-07,2155.57,1046,710,336,Inactif
Cameroun,2023-02-25,2024-09-05,4801.22,812,254,558,Inactif
Cameroun,2023-04-28,2023-08-05,3821.27,750,651,99,Inactif
Sénégal,2023-05-18,2024-08-26,4520.81,730,264,466,Inactif
Côte d'Ivoire,2022-06-15,2023-10-20,1836.03,1067,575,492,Inactif
Côte d'Ivoire,2024-08-26,2025-01-27,3039.17,264,110,154,Actif
Burkina Faso,2023-06-16,2024-02-20,167.01,701,452,249,Inactif
Burkina Faso,2023-04-28,2023-06-05,2617.88,750,712,38,Inactif
Cameroun,2024-12-15,2025-02-17,4107.64,153,89,64,Actif
Togo,2024-01-29,2024-10-01,4111.66,474,228,246,Inactif
Côte d'Ivoire,2024-07-03,2025-01-21,1823.64,318,116,202,Actif
Togo,2024-07-30,2024-09-10,601.79,291,249,42,Inactif
Cameroun,2022-01-10,2022-10-09,2645.12,1223,951,272,Inactif
Togo,2023-01-22,2023-06-11,2764.58,846,706,140,Inactif
Sénégal,2024-02-06,2025-06-01,4676.22,466,-15,481,Actif
Sénégal,2023-05-28,2023-12-13,1950.83,720,521,199,Inactif
Sénégal,2022-11-02,2025-01-30,195.24,927,107,820,Actif
Sénégal,2023-06-19,2024-02-24,3680.2,698,448,250,Inactif
Cameroun,2022-06-28,2022-07-02,369.3,1054,1050,4,Inactif
Cameroun,2022-08-03,2024-08-19,317.22,1018,271,747,Inactif
Burkina Faso,2022-11-14,2023-08-23,4158.8,915,633,282,Inactif
Cameroun,2023-09-28,2024-01-05,4297.95,597,498,99,Inactif
Togo,2025-01-15,2025-04-07,1975.7,122,40,82,Actif
Burkina Faso,2024-07-28,2025-03-25,822.73,293,53,240,Actif
Côte d'Ivoire,2024-08-30,2025-03-22,3393.37,260,56,204,Actif
Togo,2023-06-01,2025-04-13,3227.38,716,34,682,Actif
Togo,2024-03-19,2024-12-12,4796.02,424,156,268,Actif
Burkina Faso,2024-11-16,2025-03-17,3417.33,182,61,121,Actif
Togo,2022-03-08,2024-07-27,1760.32,1166,294,872,Inactif
Côte d'Ivoire,2023-09-29,2024-01-11,1910.83,596,492,104,Inactif
Sénégal,2024-08-31,2024-10-01,4843.19,259,228,31,Inactif
Togo,2023-01-22,2024-01-24,3810.32,846,479,367,Inactif
Côte d'Ivoire,2022-12-17,2025-04-11,1597.25,882,36,846,Actif
Togo,2024-01-18,2025-09-01,1816.19,485,-107,592,Actif
Côte d'Ivoire,2025-03-10,2025-03-28,3336.25,68,50,18,Actif
Togo,2024-12-11,2025-05-03,2344.72,157,14,143,Actif
Burkina Faso,2025-02-13,2025-02-24,3009.54,93,82,11,Actif
Sénégal,2022-12-19,2025-02-28,4002.42,880,78,802,Actif
Côte d'Ivoire,2025-04-01,2025-04-19,1908.07,46,28,18,Actif
Togo,2022-12-18,2024-09-30,2437.42,881,229,652,Inactif
Burkina Faso,2022-07-29,2025-09-03,2766.78,1023,-109,1132,Actif
Sénégal,2022-08-19,2022-12-31,1576.33,1002,868,134,Inactif
Burkina Faso,2024-02-22,2025-04-10,2740.38,450,37,413,Actif
Burkina Faso,2024-12-26,2025-02-16,4889.82,142,90,52,Actif
Togo,2025-03-08,2025-09-04,608.53,70,-110,180,Actif
Cameroun,2024-12-20,2025-01-01,158.19,148,136,12,Actif
Côte d'Ivoire,2024-01-10,2024-05-10,1837.09,493,372,121,Inactif
Cameroun,2023-06-15,2023-12-15,1813.91,702,519,183,Inactif
Burkina Faso,2024-05-23,2024-11-15,1529.45,359,183,176,Inactif
Côte d'Ivoire,2023-07-01,2024-07-21,2035.59,686,300,386,Inactif
Togo,2025-04-25,2025-04-28,4801.2,22,19,3,Actif
Sénégal,2022-10-03,2025-02-20,4794.91,957,86,871,Actif
Côte d'Ivoire,2022-08-01,2025-08-03,2143.04,1020,-78,1098,Actif
Côte d'Ivoire,2023-10-15,2023-04-11,1930.39,580,767,-187,Inactif
Sénégal,2022-05-20,2025-03-18,4942.69,1093,60,1033,Actif
Burkina Faso,2022-12-14,2023-03-30,3491.39,885,779,106,Inactif
Côte d'Ivoire,2024-11-04,2024-12-07,4146.23,194,161,33,Actif
Togo,2024-03-06,2024-09-29,2745.81,437,230,207,Inactif
Sénégal,2023-03-17,2023-04-17,2143.35,792,761,31,Inactif
Cameroun,2023-04-12,2024-10-26,2577.73,766,203,563,Inactif
Cameroun,2023-12-01,2024-02-10,2807.49,533,462,71,Inactif
Cameroun,2022-08-15,2023-05-21,221.18,1006,727,279,Inactif
Côte d'Ivoire,2023-08-22,2023-09-20,478.98,634,605,29,Inactif
Côte d'Ivoire,2024-03-15,2024-08-02,2398.18,428,288,140,Inactif
Côte d'Ivoire,2025-03-31,2025-04-26,4945.72,47,21,26,Actif
Côte d'Ivoire,2022-09-26,2024-04-08,194.57,964,404,560,Inactif
Togo,2022-09-06,2022-12-28,4864.97,984,871,113,Inactif
Burkina Faso,2023-09-19,2023-12-12,839.3,606,522,84,Inactif
Côte d'Ivoire,2022-07-06,2023-10-21,771.88,1046,574,472,Inactif
Burkina Faso,2024-03-25,2024-07-30,1907.16,418,291,127,Inactif
Togo,2025-02-15,2025-03-13,2170.88,91,65,26,Actif
Côte d'Ivoire,2023-04-01,2025-04-10,2110.76,777,37,740,Actif
Burkina Faso,2023-07-02,2024-03-06,3895.26,685,437,248,Inactif
Togo,2025-02-03,2025-12-04,2599.65,103,-201,304,Actif
Sénégal,2023-05-25,2023-08-19,1451.46,723,637,86,Inactif
Burkina Faso,2022-10-10,2023-10-17,1362.95,950,578,372,Inactif
Cameroun,2023-10-12,2024-02-15,408.12,583,457,126,Inactif
Sénégal,2024-01-12,2025-05-02,3301.56,491,15,476,Actif
Burkina Faso,2025-01-24,2025-02-28,4084.01,113,78,35,Actif
Burkina Faso,2024-06-12,2025-01-17,4545.8,339,120,219,Actif
Burkina Faso,2022-08-23,2023-04-27,131.47,998,751,247,Inactif
Cameroun,2022-10-16,2023-03-05,3396.17,944,804,140,Inactif
Côte d'Ivoire,2022-07-06,2023-07-07,4459.72,1046,680,366,Inactif
Burkina Faso,2024-03-14,2024-12-26,993.75,429,142,287,Actif
Burkina Faso,2023-10-21,2024-06-19,2407.89,574,332,242,Inactif
Togo,2024-03-22,2024-04-15,2017.37,421,397,24,Inactif
Burkina Faso,2024-01-15,2024-06-08,3359.76,488,343,145,Inactif
Côte d'Ivoire,2023-06-17,2024-07-21,4475.74,700,300,400,Inactif
Burkina Faso,2024-05-10,2024-10-18,3078.66,372,211,161,Inactif
Burkina Faso,2023-09-09,2025-01-17,4588.97,616,120,496,Actif
Sénégal,2024-03-01,2024-05-18,4873.87,442,364,78,Inactif
Burkina Faso,2023-04-07,2025-03-24,3478.31,771,54,717,Actif
Sénégal,2024-06-22,2025-01-15,1835.95,329,122,207,Actif
Côte d'Ivoire,2022-07-30,2023-06-11,225.37,1022,706,316,Inactif
Côte d'Ivoire,2023-04-08,2024-08-17,1617.33,770,273,497,Inactif
Burkina Faso,2024-06-10,2024-08-31,2075.12,341,259,82,Inactif
Côte d'Ivoire,2024-10-12,2024-10-16,3825.32,217,213,4,Inactif
Togo,2024-07-27,2024-12-13,1428.27,294,155,139,Actif
Cameroun,2023-01-29,2024-03-12,1247.33,839,431,408,Inactif
Côte d'Ivoire,2025-01-12,2025-03-16,2813.29,125,62,63,Actif
Sénégal,2022-12-05,2024-02-19,381.3,894,453,441,Inactif
Burkina Faso,2024-05-20,2025-01-29,2921.86,362,108,254,Actif
Togo,2023-03-25,2025-02-22,4236.35,784,84,700,Actif
Togo,2023-11-24,2024-05-20,4510.22,540,362,178,Inactif
Burkina Faso,2022-12-07,2024-03-12,1678.6,892,431,461,Inactif
Cameroun,2025-04-28,2025-04-28,180.59,19,19,0,Actif
Burkina Faso,2023-11-02,2025-02-15,3457.69,562,91,471,Actif
Togo,2022-08-27,2023-01-29,2502.12,994,839,155,Inactif
Togo,2025-01-24,2025-01-03,1900.84,113,134,-21,Actif
Togo,2023-04-06,2024-11-18,3228.17,772,180,592,Actif
Burkina Faso,2025-01-02,2025-04-10,2263.12,135,37,98,Actif
Sénégal,2024-01-12,2025-04-16,1047.6,491,31,460,Actif
Sénégal,2024-12-27,2025-01-24,3154.37,141,113,28,Actif
Togo,2022-12-01,2023-01-27,3874.12,898,841,57,Inactif
Burkina Faso,2025-01-23,2025-03-02,4313.24,114,76,38,Actif
Burkina Faso,2023-11-17,2024-06-03,4578.69,547,348,199,Inactif
Togo,2022-08-08,2023-11-08,3826.6,1013,556,457,Inactif
Sénégal,2024-11-26,2025-03-01,1112.22,172,77,95,Actif
Togo,2024-08-23,2024-10-21,3312.98,267,208,59,Inactif
Côte d'Ivoire,2023-05-01,2025-02-11,4009.5,747,95,652,Actif
Cameroun,2023-01-11,2025-04-14,1763.09,857,33,824,Actif
Côte d'Ivoire,2025-04-03,2025-04-25,3108.86,44,22,22,Actif
Côte d'Ivoire,2022-10-27,2023-07-16,177.39,933,671,262,Inactif
Côte d'Ivoire,2024-02-16,2025-01-27,478.35,456,110,346,Actif
Sénégal,2025-04-08,2025-04-15,2846.24,39,32,7,Actif
Côte d'Ivoire,2022-08-21,2023-02-17,2489.89,1000,820,180,Inactif
Côte d'Ivoire,2025-02-01,2025-02-25,1235.09,105,81,24,Actif
Burkina Faso,2024-11-21,2024-12-22,3783.84,177,146,31,Actif
Burkina Faso,2023-03-01,2024-06-22,3921.97,808,329,479,Inactif
Burkina Faso,2022-10-18,2025-04-22,1097.44,942,25,917,Actif
Côte d'Ivoire,2024-02-05,2024-07-02,2796.66,467,319,148,Inactif
Togo,2024-09-16,2024-10-24,2553.55,243,205,38,Inactif
Togo,2024-02-04,2024-06-24,2039.11,468,327,141,Inactif
Burkina Faso,2024-10-14,2024-10-31,4394.34,215,198,17,Inactif
Cameroun,2024-01-29,2024-04-05,4737.42,474,407,67,Inactif
Sénégal,2024-09-16,2024-12-24,2282.58,243,144,99,Actif
Togo,2023-05-03,2024-03-24,3467.98,745,419,326,Inactif
Sénégal,2023-02-12,2024-08-11,3202.98,825,279,546,Inactif
Cameroun,2023-03-11,2023-11-26,1335.4,798,538,260,Inactif
Côte d'Ivoire,2023-05-16,2024-09-16,1677.68,732,243,489,Inactif
Côte d'Ivoire,2022-12-09,2024-04-04,3351.27,890,408,482,Inactif
Côte d'Ivoire,2024-09-24,2024-12-22,2143.11,235,146,89,Actif
Sénégal,2024-11-10,2025-01-23,1295.32,188,114,74,Actif
Sénégal,2023-01-06,2025-03-12,738.47,862,66,796,Actif
Togo,2022-07-18,2024-02-21,4199.28,1034,451,583,Inactif
Cameroun,2024-11-27,2025-03-22,3978.97,171,56,115,Actif
Togo,2025-04-20,2025-04-28,4953.6,27,19,8,Actif
Côte d'Ivoire,2024-01-29,2024-10-18,649.2,474,211,263,Inactif
Cameroun,2023-09-24,2025-02-21,4817.25,601,85,516,Actif
Côte d'Ivoire,2022-11-04,2024-04-29,281.07,925,383,542,Inactif
Sénégal,2025-01-16,2025-04-07,567.36,121,40,81,Actif
Sénégal,2025-01-16,2025-03-13,4082.33,121,65,56,Actif
Côte d'Ivoire,2022-06-24,2023-11-11,2082.2,1058,553,505,Inactif
Cameroun,2025-04-26,2025-04-27,1831.86,21,20,1,Actif
Burkina Faso,2023-03-21,2023-11-03,4414.44,788,561,227,Inactif
Burkina Faso,2023-05-22,2024-03-28,2913.63,726,415,311,Inactif
Togo,2022-07-23,2025-03-30,1352.0,1029,48,981,Actif
Burkina Faso,2022-08-16,2024-07-26,4463.02,1005,295,710,Inactif
Cameroun,2022-08-29,2023-07-21,814.7,992,666,326,Inactif
Togo,2025-01-02,2025-04-03,4875.98,135,44,91,Actif
Togo,2022-08-26,2025-01-04,1964.34,995,133,862,Actif
Togo,2023-04-26,2024-01-11,3868.71,752,492,260,Inactif
Burkina Faso,2024-02-25,2025-12-04,4110.96,447,-201,648,Actif
Côte d'Ivoire,2023-02-11,2023-12-26,1855.21,826,508,318,Inactif
Burkina Faso,2024-12-26,2025-03-11,3631.67,142,67,75,Actif
Burkina Faso,2024-06-20,2024-12-25,3806.33,331,143,188,Actif
Burkina Faso,2022-06-23,2025-12-03,1763.95,1059,-200,1259,Actif
Togo,2024-09-22,2025-03-16,405.47,237,62,175,Actif
Burkina Faso,2024-06-01,2024-10-02,429.92,350,227,123,Inactif
Côte d'Ivoire,2024-11-17,2025-03-09,4814.82,181,69,112,Actif
Côte d'Ivoire,2024-07-03,2024-09-13,1225.96,318,246,72,Inactif
Togo,2022-04-08,2023-09-21,4909.15,1135,604,531,Inactif
Sénégal,2024-01-15,2024-07-17,1310.61,488,304,184,Inactif
Cameroun,2022-07-05,2024-07-03,4596.8,1047,318,729,Inactif
Sénégal,2025-03-28,2025-03-28,548.9,50,50,0,Actif
Côte d'Ivoire,2023-05-04,2025-02-17,1977.15,744,89,655,Actif
Cameroun,2024-09-13,2024-10-31,3817.2,246,198,48,Inactif
Burkina Faso,2023-10-17,2025-03-19,3677.33,578,59,519,Actif
Cameroun,2023-09-25,2025-03-09,3998.83,600,69,531,Actif
Sénégal,2024-04-15,2024-12-06,2839.94,397,162,235,Actif
Burkina Faso,2024-07-22,2024-09-10,2225.87,299,249,50,Inactif
Burkina Faso,2022-05-23,2024-04-30,432.49,1090,382,708,Inactif
Togo,2023-08-05,2024-06-07,4644.69,651,344,307,Inactif
Togo,2024-07-13,2024-10-16,379.05,308,213,95,Inactif
Togo,2022-08-26,2025-03-16,2950.95,995,62,933,Actif
Togo,2024-05-19,2024-12-05,4738.51,363,163,200,Actif
Burkina Faso,2022-09-24,2025-02-20,2783.98,966,86,880,Actif
Côte d'Ivoire,2024-11-02,2025-04-13,3354.22,196,34,162,Actif
Cameroun,2023-08-21,2024-05-25,3330.85,635,357,278,Inactif
Burkina Faso,2022-10-07,2024-06-21,2332.02,953,330,623,Inactif
Togo,2023-08-05,2023-11-13,3249.75,651,551,100,Inactif
Togo,2023-02-16,2025-02-04,2647.13,821,102,719,Actif
Burkina Faso,2023-04-29,2023-05-26,3591.73,749,722,27,Inactif
Cameroun,2024-10-28,2025-04-06,3855.87,201,41,160,Actif
Burkina Faso,2024-10-12,2025-01-08,3685.08,217,129,88,Actif
Togo,2023-04-21,2023-07-23,3861.95,757,664,93,Inactif
Togo,2023-12-14,2024-06-27,2749.69,520,324,196,Inactif
Côte d'Ivoire,2024-08-26,2024-09-25,2484.14,264,234,30,Inactif
Cameroun,2022-07-25,2024-01-20,316.8,1027,483,544,Inactif
Togo,2023-11-24,2024-03-14,4197.86,540,429,111,Inactif
Côte d'Ivoire,2025-01-11,2025-04-14,2042.34,126,33,93,Actif
Cameroun,2024-09-01,2025-07-03,4439.41,258,-47,305,Actif
Côte d'Ivoire,2022-07-27,2025-01-19,3753.2,1025,118,907,Actif
Burkina Faso,2023-05-12,2024-03-16,3400.78,736,427,309,Inactif
Cameroun,2023-01-19,2023-02-05,4835.53,849,832,17,Inactif
Burkina Faso,2022-07-26,2024-09-19,4905.93,1026,240,786,Inactif
Cameroun,2024-04-25,2025-01-02,1840.27,387,135,252,Actif
Togo,2024-08-11,2025-03-22,3208.88,279,56,223,Actif
Togo,2024-02-28,2024-12-09,2983.5,444,159,285,Actif
Cameroun,2025-04-11,2025-04-13,4508.34,36,34,2,Actif
Sénégal,2023-04-03,2025-03-03,3717.35,775,75,700,Actif
Togo,2024-01-08,2024-08-04,1987.79,495,286,209,Inactif
Cameroun,2022-10-16,2024-08-17,285.12,944,273,671,Inactif
Cameroun,2024-10-07,2025-01-15,1358.25,222,122,100,Actif
Côte d'Ivoire,2022-05-22,2024-03-04,2908.24,1091,439,652,Inactif
Togo,2024-06-03,2024-06-21,1773.57,348,330,18,Inactif
Sénégal,2023-04-13,2024-12-03,477.04,765,165,600,Actif
Côte d'Ivoire,2024-11-03,2025-04-08,3340.25,195,39,156,Actif
Burkina Faso,2024-02-24,2024-12-11,372.22,448,157,291,Actif
Cameroun,2022-05-17,2024-12-29,1688.42,1096,139,957,Actif
Togo,2023-11-21,2025-12-04,3430.11,543,-201,744,Actif
Cameroun,2024-11-10,2025-04-22,506.42,188,25,163,Actif
Burkina Faso,2023-09-11,2025-02-07,1996.37,614,99,515,Actif
Sénégal,2024-07-07,2024-11-18,4049.83,314,180,134,Actif
Cameroun,2025-02-08,2025-03-05,676.51,98,73,25,Actif
Burkina Faso,2023-06-04,2025-01-16,1912.14,713,121,592,Actif
Burkina Faso,2023-07-07,2024-01-15,103.18,680,488,192,Inactif
Sénégal,2024-09-15,2024-10-12,4314.57,244,217,27,Inactif
Togo,2022-11-12,2025-04-16,949.18,917,31,886,Actif
Sénégal,2025-01-27,2025-02-13,3378.07,110,93,17,Actif
Togo,2023-03-22,2023-05-18,1605.51,787,730,57,Inactif
Côte d'Ivoire,2024-07-31,2024-08-21,1664.07,290,269,21,Inactif
Cameroun,2023-02-05,2024-07-04,1043.44,832,317,515,Inactif
Togo,2024-01-16,2024-07-07,2315.63,487,314,173,Inactif
Cameroun,2023-07-30,2024-01-19,158.01,657,484,173,Inactif
Sénégal,2022-11-30,2025-02-15,2737.12,899,91,808,Actif
Cameroun,2025-03-27,2025-04-16,4982.66,51,31,20,Actif
Cameroun,2024-10-16,2024-12-23,686.05,213,145,68,Actif
Burkina Faso,2023-01-01,2025-01-27,808.63,867,110,757,Actif
Burkina Faso,2023-05-14,2024-07-22,2408.32,734,299,435,Inactif
Burkina Faso,2022-12-07,2024-09-05,352.76,892,254,638,Inactif
Sénégal,2024-04-12,2024-04-26,197.44,400,386,14,Inactif
Côte d'Ivoire,2025-01-14,2025-04-18,3848.98,123,29,94,Actif
Burkina Faso,2022-09-16,2023-11-30,4688.37,974,534,440,Inactif
Côte d'Ivoire,2024-01-18,2024-03-05,744.47,485,438,47,Inactif
Togo,2024-11-14,2025-02-19,777.03,184,87,97,Actif
Sénégal,2024-05-03,2024-10-02,4983.73,379,227,152,Inactif
Sénégal,2023-04-25,2024-09-15,1281.02,753,244,509,Inactif
Côte d'Ivoire,2022-03-07,2023-06-26,3024.37,1167,691,476,Inactif
Togo,2024-01-02,2024-04-01,1264.26,501,411,90,Inactif
Sénégal,2025-03-18,2025-03-30,3085.59,60,48,12,Actif
Burkina Faso,2025-02-04,2025-03-04,1307.65,102,74,28,Actif
Togo,2023-07-30,2024-02-19,360.63,657,453,204,Inactif
Burkina Faso,2022-09-11,2024-02-29,3705.83,979,443,536,Inactif
Togo,2022-04-09,2022-10-03,3758.82,1134,957,177,Inactif
Sénégal,2023-04-14,2023-09-11,3866.8,764,614,150,Inactif
Côte d'Ivoire,2022-11-01,2024-05-19,3955.09,928,363,565,Inactif
Côte d'Ivoire,2024-11-12,2024-12-14,1672.67,186,154,32,Actif
Burkina Faso,2025-02-02,2025-05-02,528.5,104,15,89,Actif
Cameroun,2023-10-14,2024-08-20,3251.32,581,270,311,Inactif
Côte d'Ivoire,2023-06-24,2023-12-13,196.47,693,521,172,Inactif
Sénégal,2022-10-15,2024-11-20,4139.82,945,178,767,Actif
Burkina Faso,2024-12-11,2024-12-25,4146.32,157,143,14,Actif
Burkina Faso,2024-06-28,2024-11-05,1022.4,323,193,130,Inactif
Cameroun,2025-01-02,2025-03-02,1910.15,135,76,59,Actif
Côte d'Ivoire,2024-02-02,2025-03-04,4618.2,470,74,396,Actif
Burkina Faso,2023-05-12,2025-04-06,4766.37,736,41,695,Actif
Côte d'Ivoire,2025-04-14,2025-04-29,4640.17,33,18,15,Actif
Cameroun,2025-10-02,2025-03-17,2826.35,-138,61,-199,Actif
Sénégal,2022-06-05,2025-02-16,3016.11,1077,90,987,Actif
Togo,2023-04-01,2024-03-28,161.88,777,415,362,Inactif
Burkina Faso,2024-02-23,2024-11-05,1893.65,449,193,256,Inactif
Côte d'Ivoire,2024-09-24,2024-10-17,750.6,235,212,23,Inactif
Burkina Faso,2023-06-10,2024-03-03,905.22,707,440,267,Inactif
Sénégal,2024-12-01,2024-12-13,3780.8,167,155,12,Actif
Cameroun,2023-12-22,2025-04-06,2434.46,512,41,471,Actif
Sénégal,2024-05-27,2024-05-30,890.88,355,352,3,Inactif
Togo,2023-12-18,2024-06-28,4386.82,516,323,193,Inactif
Côte d'Ivoire,2022-07-03,2022-08-16,2627.2,1049,1005,44,Inactif
Côte d'Ivoire,2023-09-30,2024-11-15,4627.91,595,183,412,Inactif
Sénégal,2024-06-25,2024-06-30,968.08,326,321,5,Inactif
Cameroun,2024-04-03,2024-12-03,4624.71,409,165,244,Actif
Sénégal,2022-02-12,2023-09-26,521.17,1190,599,591,Inactif
Burkina Faso,2022-07-24,2023-05-08,2744.84,1028,740,288,Inactif
Sénégal,2023-09-23,2024-03-16,1997.3,602,427,175,Inactif
Togo,2025-07-04,2025-04-14,1696.66,-48,33,-81,Actif
Togo,2022-09-21,2024-10-12,1760.25,969,217,752,Inactif
Togo,2022-10-26,2025-03-27,1939.0,934,51,883,Actif
Togo,2024-08-09,2024-12-27,4542.03,281,141,140,Actif
Togo,2023-10-30,2025-01-10,4840.11,565,127,438,Actif
Togo,2022-07-04,2025-02-04,1526.43,1048,102,946,Actif
Togo,2023-09-27,2024-10-24,1124.46,598,205,393,Inactif
Togo,2022-11-29,2024-01-17,2700.27,900,486,414,Inactif
Cameroun,2022-12-16,2024-09-01,4729.52,883,258,625,Inactif
Burkina Faso,2025-03-24,2025-04-09,2230.6,54,38,16,Actif
Togo,2022-06-19,2024-02-18,181.32,1063,454,609,Inactif
Burkina Faso,2023-07-06,2024-04-17,1425.94,681,395,286,Inactif
Sénégal,2025-03-18,2025-04-10,4512.05,60,37,23,Actif
Burkina Faso,2022-06-12,2022-10-21,1398.71,1070,939,131,Inactif
Burkina Faso,2023-04-22,2025-04-24,3151.7,756,23,733,Actif
Togo,2024-11-27,2024-11-12,3034.38,171,186,-15,Inactif
Sénégal,2024-09-04,2025-03-14,2349.32,255,64,191,Actif
Sénégal,2024-04-01,2024-07-20,3942.52,411,301,110,Inactif
Togo,2022-06-16,2022-12-13,700.25,1066,886,180,Inactif
Burkina Faso,2023-08-11,2024-10-31,4666.72,645,198,447,Inactif
Côte d'Ivoire,2024-10-13,2024-11-13,934.35,216,185,31,Inactif
Burkina Faso,2023-08-03,2024-07-03,634.27,653,318,335,Inactif
Sénégal,2024-07-11,2025-11-02,4691.71,310,-169,479,Actif
Togo,2023-08-26,2024-03-07,1932.16,630,436,194,Inactif
Sénégal,2024-01-16,2025-03-22,4130.73,487,56,431,Actif
Cameroun,2023-07-26,2024-05-07,2432.37,661,375,286,Inactif
Cameroun,2024-02-24,2024-10-04,1037.53,448,225,223,Inactif
Burkina Faso,2025-12-01,2025-01-26,3713.45,-198,111,-309,Actif
Côte d'Ivoire,2022-11-23,2024-09-02,2696.5,906,257,649,Inactif
Togo,2024-02-02,2024-05-14,2356.73,470,368,102,Inactif
Togo,2022-10-23,2023-08-16,2742.82,937,640,297,Inactif
Burkina Faso,2024-04-23,2024-07-09,2734.86,389,312,77,Inactif
Burkina Faso,2023-12-16,2024-09-30,4429.31,518,229,289,Inactif
Togo,2025-04-07,2025-04-21,3665.17,40,26,14,Actif
Togo,2024-09-08,2025-01-02,918.27,251,135,116,Actif
Sénégal,2025-03-07,2025-03-09,672.65,71,69,2,Actif
Togo,2023-11-26,2023-12-13,3748.49,538,521,17,Inactif
Burkina Faso,2024-11-18,2025-01-18,2817.86,180,119,61,Actif
Sénégal,2022-11-04,2024-11-01,3531.18,925,197,728,Inactif
Burkina Faso,2023-11-17,2024-11-10,3766.14,547,188,359,Inactif
Burkina Faso,2023-11-02,2024-12-29,4125.79,562,139,423,Actif
Burkina Faso,2023-05-12,2025-03-19,1254.73,736,59,677,Actif
Togo,2022-06-29,2023-10-20,3979.04,1053,575,478,Inactif
Burkina Faso,2025-04-13,2025-04-16,4512.12,34,31,3,Actif
Togo,2025-03-24,2025-04-26,1460.57,54,21,33,Actif
Togo,2022-05-09,2023-08-13,3462.94,1104,643,461,Inactif
Cameroun,2022-09-19,2023-03-11,881.68,971,798,173,Inactif
Côte d'Ivoire,2023-04-10,2025-01-13,4395.45,768,124,644,Actif
Togo,2025-01-02,2025-03-07,1891.73,135,71,64,Actif
Togo,2023-12-21,2024-12-07,2819.57,513,161,352,Actif
Togo,2022-05-14,2025-04-12,4597.69,1099,35,1064,Actif
Burkina Faso,2024-02-24,2024-07-17,4152.65,448,304,144,Inactif
Côte d'Ivoire,2024-06-21,2025-02-04,3309.87,330,102,228,Actif
Togo,2023-09-07,2024-09-23,3507.38,618,236,382,Inactif
Burkina Faso,2024-02-23,2025-01-14,4486.71,449,123,326,Actif
Togo,2023-04-29,2023-06-19,2719.26,749,698,51,Inactif
Cameroun,2024-01-19,2024-05-27,1930.93,484,355,129,Inactif
Côte d'Ivoire,2025-04-14,2025-04-14,2853.27,33,33,0,Actif
Cameroun,2022-12-29,2023-08-18,3800.07,870,638,232,Inactif
Burkina Faso,2024-01-13,2024-03-09,3323.71,490,434,56,Inactif
Togo,2024-05-29,2024-12-16,1775.23,353,152,201,Actif
Côte d'Ivoire,2024-03-11,2024-12-26,2333.83,432,142,290,Actif
Côte d'Ivoire,2025-03-27,2025-04-27,2887.35,51,20,31,Actif
Togo,2024-04-17,2024-06-07,2978.97,395,344,51,Inactif
Burkina Faso,2023-02-07,2023-03-17,2243.48,830,792,38,Inactif
Cameroun,2024-05-30,2025-02-22,883.45,352,84,268,Actif
Sénégal,2022-08-08,2022-12-30,1098.03,1013,869,144,Inactif
Burkina Faso,2024-09-17,2024-09-23,1822.63,242,236,6,Inactif
Côte d'Ivoire,2025-02-22,2025-04-14,3958.45,84,33,51,Actif
Côte d'Ivoire,2024-04-09,2024-10-02,499.26,403,227,176,Inactif
Côte d'Ivoire,2024-09-30,2024-11-15,4973.55,229,183,46,Inactif
Togo,2023-09-28,2024-07-20,1906.56,597,301,296,Inactif
Burkina Faso,2025-01-31,2025-03-27,2483.93,106,51,55,Actif
Sénégal,2023-01-01,2024-03-05,1791.22,867,438,429,Inactif
Togo,2024-10-02,2024-12-01,2790.09,227,167,60,Actif
Sénégal,2022-12-10,2023-12-29,2073.8,889,505,384,Inactif
Cameroun,2022-07-27,2023-06-28,155.17,1025,689,336,Inactif
Côte d'Ivoire,2024-01-06,2025-03-24,2922.15,497,54,443,Actif
Togo,2022-06-17,2023-02-19,4325.49,1065,818,247,Inactif
Togo,2024-06-10,2024-06-13,2027.09,341,338,3,Inactif
Sénégal,2023-10-17,2024-10-02,1105.82,578,227,351,Inactif
Togo,2022-05-30,2025-04-26,3570.02,1083,21,1062,Actif
Côte d'Ivoire,2023-11-13,2024-03-19,3985.01,551,424,127,Inactif
Cameroun,2023-10-22,2024-04-05,4522.65,573,407,166,Inactif
Sénégal,2025-04-03,2025-04-19,1575.21,44,28,16,Actif
Burkina Faso,2024-07-25,2025-03-27,424.07,296,51,245,Actif
Burkina Faso,2024-04-07,2024-09-23,4962.88,405,236,169,Inactif
Sénégal,2024-11-02,2025-01-27,4276.5,196,110,86,Actif
Togo,2023-09-15,2024-08-16,814.84,610,274,336,Inactif
Sénégal,2023-10-10,2023-11-26,1567.51,585,538,47,Inactif
Burkina Faso,2024-09-23,2024-03-11,337.6,236,432,-196,Inactif
Burkina Faso,2025-01-20,2025-04-26,2279.0,117,21,96,Actif
Sénégal,2024-06-07,2024-07-05,3347.96,344,316,28,Inactif
Burkina Faso,2024-03-20,2024-04-28,591.32,423,384,39,Inactif
Côte d'Ivoire,2022-10-28,2023-06-25,4665.65,932,692,240,Inactif
Sénégal,2023-10-22,2024-07-06,659.79,573,315,258,Inactif
Côte d'Ivoire,2024-12-05,2025-02-16,3165.54,163,90,73,Actif
Sénégal,2022-11-26,2023-04-03,1418.44,903,775,128,Inactif
Togo,2022-06-02,2024-03-26,957.07,1080,417,663,Inactif
Sénégal,2022-09-25,2025-01-25,2426.28,965,112,853,Actif
Burkina Faso,2023-04-10,2025-01-13,3120.74,768,124,644,Actif
Burkina Faso,2022-08-08,2022-05-09,557.08,1013,1104,-91,Inactif
Sénégal,2022-01-05,2023-10-13,2387.13,1228,582,646,Inactif
Burkina Faso,2022-06-28,2023-02-26,646.62,1054,811,243,Inactif
Togo,2024-08-10,2025-01-06,1477.63,280,131,149,Actif
Togo,2023-07-11,2025-10-03,4681.5,676,-139,815,Actif
Burkina Faso,2024-10-03,2024-12-04,3623.86,226,164,62,Actif
Burkina Faso,2024-11-03,2024-04-11,829.12,195,401,-206,Inactif
Sénégal,2023-07-27,2025-03-19,2896.62,660,59,601,Actif
Burkina Faso,2024-04-14,2024-06-15,179.16,398,336,62,Inactif
Togo,2023-03-08,2025-10-03,1344.39,801,-139,940,Actif
Cameroun,2024-09-26,2024-09-26,4150.09,233,233,0,Inactif
Togo,2025-03-27,2025-03-28,4549.65,51,50,1,Actif
Togo,2024-06-26,2025-04-17,3559.0,325,30,295,Actif
Togo,2025-01-05,2025-03-06,4658.01,132,72,60,Actif
Sénégal,2022-12-11,2024-04-27,4736.09,888,385,503,Inactif
Sénégal,2024-11-15,2024-11-29,180.63,183,169,14,Actif
Sénégal,2023-08-24,2025-01-20,4846.38,632,117,515,Actif
Burkina Faso,2024-08-25,2024-04-11,4006.44,265,401,-136,Inactif
Cameroun,2022-07-18,2024-07-04,1947.23,1034,317,717,Inactif
Cameroun,2022-05-31,2023-03-21,1764.53,1082,788,294,Inactif
Burkina Faso,2024-10-12,2024-12-05,2713.4,217,163,54,Actif
Côte d'Ivoire,2022-06-06,2024-12-08,4054.32,1076,160,916,Actif
Burkina Faso,2024-11-30,2024-12-31,2256.44,168,137,31,Actif
Côte d'Ivoire,2024-04-14,2024-05-17,2564.07,398,365,33,Inactif
Burkina Faso,2023-01-19,2023-06-29,2159.6,849,688,161,Inactif
Sénégal,2025-04-11,2025-04-11,3561.77,36,36,0,Actif
Sénégal,2022-08-15,2025-03-19,3068.88,1006,59,947,Actif
Burkina Faso,2024-10-27,2025-02-09,232.85,202,97,105,Actif
Sénégal,2023-12-08,2024-09-26,4874.81,526,233,293,Inactif
Togo,2023-05-07,2023-12-09,1282.89,741,525,216,Inactif
Burkina Faso,2024-03-28,2024-07-22,3541.44,415,299,116,Inactif
Cameroun,2023-06-11,2024-04-10,1319.47,706,402,304,Inactif
Côte d'Ivoire,2024-07-19,2025-02-14,2648.83,302,92,210,Actif
Cameroun,2023-11-27,2024-05-28,2434.54,537,354,183,Inactif
Burkina Faso,2023-06-09,2023-11-09,2752.92,708,555,153,Inactif
Sénégal,2023-11-03,2023-12-06,1232.2,561,528,33,Inactif
Cameroun,2023-04-09,2023-06-21,1809.3,769,696,73,Inactif
Togo,2024-04-11,2024-02-11,4297.62,401,461,-60,Inactif
Sénégal,2024-02-23,2024-04-25,625.85,449,387,62,Inactif
Sénégal,2024-04-14,2025-04-21,2197.58,398,26,372,Actif
Burkina Faso,2025-02-06,2025-04-28,1032.92,100,19,81,Actif
Burkina Faso,2025-03-28,2025-04-27,4654.36,50,20,30,Actif
Cameroun,2024-12-08,2025-01-31,1969.09,160,106,54,Actif
Cameroun,2022-12-04,2024-12-07,2504.58,895,161,734,Actif
Burkina Faso,2023-04-04,2024-06-19,4679.55,774,332,442,Inactif
Côte d'Ivoire,2022-05-10,2023-12-11,3354.68,1103,523,580,Inactif
Côte d'Ivoire,2024-02-09,2025-03-24,3294.13,463,54,409,Actif
Togo,2025-04-22,2025-04-29,2441.32,25,18,7,Actif
Sénégal,2025-06-04,2025-04-18,762.7,-18,29,-47,Actif
Burkina Faso,2023-11-11,2024-06-16,3857.89,553,335,218,Inactif
Côte d'Ivoire,2023-03-10,2023-11-18,4639.39,799,546,253,Inactif
Togo,2024-07-24,2025-01-17,1791.07,297,120,177,Actif
Sénégal,2023-04-15,2023-05-15,2241.83,763,733,30,Inactif
Cameroun,2022-08-25,2023-07-21,4344.07,996,666,330,Inactif
Sénégal,2024-11-03,2024-11-21,4360.94,195,177,18,Actif
Cameroun,2023-03-04,2023-03-07,3760.01,805,802,3,Inactif
Côte d'Ivoire,2024-06-12,2025-03-24,2010.53,339,54,285,Actif
Sénégal,2025-02-19,2025-03-07,1281.97,87,71,16,Actif
Togo,2024-04-05,2025-09-04,3466.92,407,-110,517,Actif
Sénégal,2024-01-10,2024-04-27,150.31,493,385,108,Inactif
Burkina Faso,2025-02-25,2025-04-04,2078.2,81,43,38,Actif
Côte d'Ivoire,2024-03-24,2025-01-16,788.43,419,121,298,Actif
Sénégal,2023-06-20,2024-04-17,1130.21,697,395,302,Inactif
Côte d'Ivoire,2024-10-28,2025-04-10,475.78,201,37,164,Actif
Sénégal,2022-12-09,2024-11-21,1964.86,890,177,713,Actif
Côte d'Ivoire,2024-08-02,2024-09-16,2395.78,288,243,45,Inactif
Togo,2025-03-16,2025-04-04,3459.29,62,43,19,Actif
Togo,2022-10-15,2022-10-19,3652.12,945,941,4,Inactif
Cameroun,2023-07-08,2023-12-24,3791.07,679,510,169,Inactif
Togo,2024-11-29,2025-03-25,2849.08,169,53,116,Actif
Togo,2022-08-24,2024-09-23,2830.48,997,236,761,Inactif
Togo,2022-10-23,2023-07-19,3031.26,937,668,269,Inactif
Burkina Faso,2023-06-27,2024-07-06,2947.51,690,315,375,Inactif
Cameroun,2022-12-25,2025-02-18,973.31,874,88,786,Actif
Togo,2024-02-14,2024-01-05,3071.4,458,498,-40,Inactif
Sénégal,2023-01-28,2023-02-18,773.04,840,819,21,Inactif
Burkina Faso,2023-08-17,2024-07-07,4893.05,639,314,325,Inactif
Togo,2024-11-28,2025-08-03,4272.68,170,-78,248,Actif
Sénégal,2024-04-21,2024-12-17,1425.03,391,151,240,Actif
Burkina Faso,2024-06-12,2025-04-27,1839.23,339,20,319,Actif
Togo,2022-05-27,2024-05-05,2973.76,1086,377,709,Inactif
Burkina Faso,2024-03-02,2024-03-17,1339.43,441,426,15,Inactif
Togo,2023-08-06,2025-03-18,804.26,650,60,590,Actif
Cameroun,2022-07-19,2022-02-12,1502.98,1033,1190,-157,Inactif
Sénégal,2024-07-16,2024-12-08,696.68,305,160,145,Actif
Togo,2023-06-13,2024-10-27,3298.69,704,202,502,Inactif
Togo,2022-08-05,2024-11-11,1888.64,1016,187,829,Inactif
Sénégal,2024-04-06,2024-01-11,1335.71,406,492,-86,Inactif
Sénégal,2025-06-04,2025-04-21,2814.86,-18,26,-44,Actif
Côte d'Ivoire,2024-09-21,2025-01-04,3613.58,238,133,105,Actif
Togo,2023-03-05,2023-10-26,1249.08,804,569,235,Inactif
Cameroun,2022-10-06,2023-03-30,2747.75,954,779,175,Inactif
Burkina Faso,2023-01-18,2023-05-27,157.92,850,721,129,Inactif
Cameroun,2023-04-28,2024-02-01,2807.14,750,471,279,Inactif
Côte d'Ivoire,2025-02-17,2025-04-03,1461.17,89,44,45,Actif
Sénégal,2023-07-23,2023-07-26,2718.71,664,661,3,Inactif
Côte d'Ivoire,2024-09-28,2024-03-11,1716.0,231,432,-201,Inactif
Cameroun,2024-10-06,2025-02-08,908.63,223,98,125,Actif
Togo,2022-05-16,2023-11-07,4653.57,1097,557,540,Inactif
Togo,2023-05-22,2024-06-11,198.3,726,340,386,Inactif
Côte d'Ivoire,2024-11-28,2025-02-03,4922.72,170,103,67,Actif
Cameroun,2022-09-12,2025-02-02,3542.16,978,104,874,Actif
Burkina Faso,2024-11-25,2024-10-12,1334.39,173,217,-44,Inactif
Côte d'Ivoire,2023-07-13,2023-10-02,3969.64,674,593,81,Inactif
Burkina Faso,2022-06-29,2023-04-29,3357.34,1053,749,304,Inactif
Côte d'Ivoire,2022-09-12,2024-09-18,2187.82,978,241,737,Inactif
Burkina Faso,2023-03-06,2023-10-20,4764.31,803,575,228,Inactif
Côte d'Ivoire,2024-03-26,2024-11-20,859.34,417,178,239,Actif
Côte d'Ivoire,2023-05-05,2025-03-11,1825.55,743,67,676,Actif
Togo,2022-12-04,2024-04-03,2658.62,895,409,486,Inactif
Sénégal,2022-09-22,2022-10-02,3751.09,968,958,10,Inactif
Cameroun,2022-10-27,2025-01-31,1114.25,933,106,827,Actif
Sénégal,2024-12-31,2025-04-21,1219.97,137,26,111,Actif
Sénégal,2023-05-12,2024-11-30,520.6,736,168,568,Actif
Côte d'Ivoire,2022-05-11,2024-02-29,240.18,1102,443,659,Inactif
Burkina Faso,2023-12-10,2024-05-09,3130.32,524,373,151,Inactif
Burkina Faso,2024-05-27,2025-01-06,3344.7,355,131,224,Actif
Togo,2024-08-25,2025-04-14,1547.71,265,33,232,Actif
Sénégal,2024-02-09,2024-08-13,4922.99,463,277,186,Inactif
Sénégal,2025-04-18,2025-04-21,771.28,29,26,3,Actif
Burkina Faso,2024-04-24,2024-12-06,2100.35,388,162,226,Actif
Burkina Faso,2024-05-22,2024-11-20,3280.33,360,178,182,Actif
Togo,2023-10-19,2024-03-12,595.48,576,431,145,Inactif
Côte d'Ivoire,2024-10-22,2024-02-12,827.95,207,460,-253,Inactif
Burkina Faso,2023-09-17,2024-08-30,888.97,608,260,348,Inactif
Togo,2023-11-27,2024-05-20,3310.49,537,362,175,Inactif
Cameroun,2024-12-26,2025-01-02,1071.82,142,135,7,Actif
Cameroun,2024-11-17,2025-01-10,1011.03,181,127,54,Actif
Côte d'Ivoire,2024-08-23,2024-03-10,1500.45,267,433,-166,Inactif
Burkina Faso,2024-09-01,2024-12-23,1657.01,258,145,113,Actif
Burkina Faso,2022-06-10,2023-05-22,2746.77,1072,726,346,Inactif
Cameroun,2025-04-17,2025-04-19,2954.35,30,28,2,Actif
Côte d'Ivoire,2022-12-25,2023-08-04,2345.02,874,652,222,Inactif
Burkina Faso,2024-09-19,2025-02-18,1896.77,240,88,152,Actif
Burkina Faso,2025-02-17,2025-02-19,3905.1,89,87,2,Actif
Sénégal,2023-02-01,2023-04-11,1458.87,836,767,69,Inactif
Burkina Faso,2023-01-31,2023-03-13,2952.4,837,796,41,Inactif
Côte d'Ivoire,2022-02-11,2022-12-05,4449.54,1191,894,297,Inactif
Togo,2024-10-07,2024-10-28,3955.2,222,201,21,Inactif
Cameroun,2023-11-20,2024-11-18,285.46,544,180,364,Actif
Sénégal,2023-07-24,2025-02-01,3342.05,663,105,558,Actif
Cameroun,2023-06-05,2023-07-13,1262.54,712,674,38,Inactif
Sénégal,2023-01-29,2023-10-24,251.27,839,571,268,Inactif
Cameroun,2024-03-07,2024-07-10,762.15,436,311,125,Inactif
Cameroun,2024-12-27,2025-04-13,609.58,141,34,107,Actif
Burkina Faso,2023-09-03,2023-07-17,4747.27,622,670,-48,Inactif
Sénégal,2022-12-18,2023-08-08,434.86,881,648,233,Inactif
Togo,2024-07-10,2024-09-26,4687.2,311,233,78,Inactif
Côte d'Ivoire,2022-06-23,2024-02-01,1333.02,1059,471,588,Inactif
Sénégal,2024-10-08,2024-12-13,3824.46,221,155,66,Actif
Burkina Faso,2024-10-12,2025-03-02,2213.58,217,76,141,Actif
Burkina Faso,2024-07-22,2025-02-17,4928.0,299,89,210,Actif
Burkina Faso,2024-01-10,2025-04-02,4651.83,493,45,448,Actif
Burkina Faso,2023-06-14,2024-03-12,2108.21,703,431,272,Inactif
Burkina Faso,2022-11-05,2024-02-26,3520.1,924,446,478,Inactif
Togo,2024-12-05,2025-01-20,1188.09,163,117,46,Actif
Togo,2023-02-20,2024-02-21,150.95,817,451,366,Inactif
Burkina Faso,2024-01-14,2024-04-02,2184.86,489,410,79,Inactif
Sénégal,2022-06-27,2023-10-08,2919.82,1055,587,468,Inactif
Côte d'Ivoire,2024-09-23,2024-10-12,672.57,236,217,19,Inactif
Togo,2023-06-15,2024-07-31,2081.45,702,290,412,Inactif
Sénégal,2023-03-09,2024-10-08,2530.53,800,221,579,Inactif
Burkina Faso,2023-07-27,2025-01-24,600.44,660,113,547,Actif
Burkina Faso,2024-04-06,2024-08-08,437.55,406,282,124,Inactif
Togo,2024-11-18,2025-02-24,2211.55,180,82,98,Actif
Togo,2022-06-12,2024-04-15,2336.06,1070,397,673,Inactif
Sénégal,2025-02-14,2025-04-12,1469.97,92,35,57,Actif
Côte d'Ivoire,2023-03-13,2024-03-11,3324.78,796,432,364,Inactif
Togo,2023-03-08,2024-11-23,2650.44,801,175,626,Actif
Burkina Faso,2024-01-26,2024-05-18,2938.75,477,364,113,Inactif
Togo,2024-05-16,2024-09-20,4906.87,366,239,127,Inactif
Sénégal,2024-09-18,2024-10-25,1941.17,241,204,37,Inactif
Cameroun,2024-01-05,2025-01-01,4614.47,498,136,362,Actif
Cameroun,2023-11-18,2024-03-20,1690.96,546,423,123,Inactif
Togo,2025-04-29,2025-04-29,103.26,18,18,0,Actif
Togo,2022-10-18,2023-04-19,2597.7,942,759,183,Inactif
Togo,2023-03-10,2024-08-25,1484.64,799,265,534,Inactif
Côte d'Ivoire,2023-06-19,2024-06-09,364.34,698,342,356,Inactif
Sénégal,2022-10-04,2024-07-19,2535.18,956,302,654,Inactif
Togo,2022-06-27,2024-06-21,4533.55,1055,330,725,Inactif
Togo,2025-10-02,2025-04-14,1694.58,-138,33,-171,Actif
Togo,2022-08-18,2023-08-31,2972.88,1003,625,378,Inactif
Burkina Faso,2023-07-26,2023-12-27,1040.28,661,507,154,Inactif
Burkina Faso,2022-07-22,2024-04-08,1500.69,1030,404,626,Inactif
Côte d'Ivoire,2022-09-07,2024-01-23,1029.87,983,480,503,Inactif
Burkina Faso,2023-07-20,2024-04-04,1135.78,667,408,259,Inactif
Togo,2023-07-17,2023-04-12,1167.56,670,766,-96,Inactif
Togo,2024-04-19,2025-02-27,2735.71,393,79,314,Actif
Burkina Faso,2025-04-17,2025-04-24,4389.35,30,23,7,Actif
Burkina Faso,2023-05-19,2023-06-24,1493.68,729,693,36,Inactif
Sénégal,2023-10-24,2024-03-19,1316.91,571,424,147,Inactif
Côte d'Ivoire,2022-08-15,2024-01-04,4311.04,1006,499,507,Inactif
Sénégal,2025-03-17,2025-04-29,4561.26,61,18,43,Actif
Côte d'Ivoire,2024-08-19,2024-06-09,4130.8,271,342,-71,Inactif
Burkina Faso,2022-05-18,2023-12-31,4760.27,1095,503,592,Inactif
Cameroun,2025-04-23,2025-04-24,3254.52,24,23,1,Actif
Togo,2022-08-15,2023-05-24,2119.68,1006,724,282,Inactif
Togo,2024-03-16,2024-11-03,1534.28,427,195,232,Inactif
Burkina Faso,2025-01-24,2025-08-04,989.52,113,-79,192,Actif
Burkina Faso,2022-07-21,2023-09-11,433.24,1031,614,417,Inactif
Cameroun,2023-07-03,2023-09-10,114.04,684,615,69,Inactif
Sénégal,2023-07-10,2023-10-26,4925.5,677,569,108,Inactif
Togo,2022-09-06,2023-12-25,1501.08,984,509,475,Inactif
Togo,2023-10-03,2024-01-23,1592.84,592,480,112,Inactif
Togo,2024-03-04,2025-05-01,2583.39,439,16,423,Actif
Cameroun,2023-09-30,2024-04-01,808.16,595,411,184,Inactif
Sénégal,2024-11-05,2025-01-09,1849.01,193,128,65,Actif
Burkina Faso,2022-08-26,2024-09-18,2464.28,995,241,754,Inactif
Togo,2023-11-18,2023-08-12,1883.02,546,644,-98,Inactif
Sénégal,2023-09-26,2024-05-24,784.91,599,358,241,Inactif
Burkina Faso,2024-11-27,2025-04-19,4570.37,171,28,143,Actif
Cameroun,2024-10-14,2024-01-11,3833.28,215,492,-277,Inactif
Togo,2024-02-07,2024-11-14,3616.86,465,184,281,Inactif
Burkina Faso,2024-05-19,2024-08-07,3672.61,363,283,80,Inactif
Cameroun,2023-01-08,2023-08-27,1101.87,860,629,231,Inactif
Côte d'Ivoire,2023-12-29,2024-10-30,113.11,505,199,306,Inactif
Cameroun,2024-03-02,2024-09-03,1432.34,441,256,185,Inactif
Burkina Faso,2022-02-08,2024-09-30,1032.18,1194,229,965,Inactif
Côte d'Ivoire,2022-07-11,2023-11-12,1865.8,1041,552,489,Inactif
Sénégal,2023-03-29,2024-08-07,2202.86,780,283,497,Inactif
Burkina Faso,2023-04-14,2023-06-30,2071.54,764,687,77,Inactif
Togo,2023-05-03,2023-12-20,602.55,745,514,231,Inactif
Sénégal,2024-10-04,2024-12-16,4022.47,225,152,73,Actif
Burkina Faso,2022-09-13,2023-11-16,631.89,977,548,429,Inactif
Cameroun,2024-06-02,2025-03-13,1592.96,349,65,284,Actif
Burkina Faso,2022-01-08,2024-01-27,3598.37,1225,476,749,Inactif
Burkina Faso,2024-11-03,2025-01-09,240.24,195,128,67,Actif
Togo,2024-08-30,2025-04-06,2518.06,260,41,219,Actif
Cameroun,2025-01-27,2025-02-14,4408.72,110,92,18,Actif
Togo,2024-12-15,2025-04-02,3863.51,153,45,108,Actif
Togo,2023-07-23,2024-04-19,2222.83,664,393,271,Inactif
Burkina Faso,2022-06-26,2023-07-14,312.21,1056,673,383,Inactif
Sénégal,2024-07-20,2025-02-16,4854.8,301,90,211,Actif
Burkina Faso,2022-06-28,2022-10-03,4135.98,1054,957,97,Inactif
Côte d'Ivoire,2023-05-20,2024-10-21,4933.56,728,208,520,Inactif
Burkina Faso,2023-01-28,2023-06-16,1638.43,840,701,139,Inactif
Togo,2024-09-22,2024-11-10,481.07,237,188,49,Inactif
Burkina Faso,2024-12-08,2025-03-22,3743.66,160,56,104,Actif
Côte d'Ivoire,2024-04-20,2025-02-26,3533.66,392,80,312,Actif
Cameroun,2022-12-18,2023-08-06,3350.45,881,650,231,Inactif
Côte d'Ivoire,2024-08-04,2025-02-23,2003.93,286,83,203,Actif
Sénégal,2024-05-10,2024-11-30,2582.06,372,168,204,Actif
Cameroun,2023-12-08,2024-10-29,3732.71,526,200,326,Inactif
Cameroun,2024-05-03,2024-05-31,3135.86,379,351,28,Inactif
Côte d'Ivoire,2022-10-08,2024-12-13,865.95,952,155,797,Actif
Togo,2025-02-20,2025-04-14,408.69,86,33,53,Actif
Burkina Faso,2022-10-18,2022-12-24,3330.98,942,875,67,Inactif
Sénégal,2025-02-07,2025-04-21,3917.58,99,26,73,Actif
Cameroun,2023-05-18,2024-09-16,1328.67,730,243,487,Inactif
Cameroun,2024-06-18,2024-10-01,2891.73,333,228,105,Inactif
Burkina Faso,2023-03-10,2023-10-19,3961.96,799,576,223,Inactif
Sénégal,2024-12-01,2025-03-17,2011.18,167,61,106,Actif
Burkina Faso,2022-05-12,2024-12-26,2971.43,1101,142,959,Actif
Cameroun,2025-03-30,2025-04-29,4262.97,48,18,30,Actif
Cameroun,2024-06-20,2025-03-01,2834.02,331,77,254,Actif
Côte d'Ivoire,2022-06-20,2024-10-07,2114.82,1062,222,840,Inactif
Côte d'Ivoire,2022-06-30,2023-05-25,2187.52,1052,723,329,Inactif
Côte d'Ivoire,2025-03-12,2025-03-27,4787.65,66,51,15,Actif
Burkina Faso,2022-09-30,2025-02-19,3945.61,960,87,873,Actif
Cameroun,2023-03-29,2023-01-09,282.08,780,859,-79,Inactif
Togo,2022-10-22,2023-12-17,2396.5,938,517,421,Inactif
Burkina Faso,2022-03-12,2024-03-14,4841.11,1162,429,733,Inactif
Burkina Faso,2022-09-27,2025-04-17,519.46,963,30,933,Actif
Togo,2023-03-20,2023-04-21,1356.63,789,757,32,Inactif
Burkina Faso,2023-02-20,2024-04-20,228.7,817,392,425,Inactif
Togo,2022-12-04,2023-07-02,3181.49,895,685,210,Inactif
Burkina Faso,2025-01-09,2025-01-14,1691.18,128,123,5,Actif
Sénégal,2023-03-10,2025-09-04,1632.64,799,-110,909,Actif
Togo,2025-02-06,2025-04-22,4206.26,100,25,75,Actif
Togo,2023-07-02,2024-10-29,732.29,685,200,485,Inactif
Togo,2023-04-16,2024-04-26,4494.9,762,386,376,Inactif
Burkina Faso,2024-04-25,2024-12-23,1373.72,387,145,242,Actif
Togo,2022-08-26,2025-01-02,4119.83,995,135,860,Actif
Burkina Faso,2024-10-20,2024-12-12,132.61,209,156,53,Actif
Côte d'Ivoire,2025-03-22,2025-04-16,4681.44,56,31,25,Actif
Côte d'Ivoire,2024-01-19,2025-05-04,4190.05,484,13,471,Actif
Burkina Faso,2022-11-21,2023-12-29,2334.0,908,505,403,Inactif
Togo,2022-10-16,2024-04-29,3999.05,944,383,561,Inactif
Cameroun,2023-02-09,2024-08-27,4810.9,828,263,565,Inactif
Togo,2024-12-19,2025-04-28,737.58,149,19,130,Actif
Togo,2023-02-01,2025-04-03,3730.47,836,44,792,Actif
Burkina Faso,2023-05-22,2023-06-27,884.21,726,690,36,Inactif
Côte d'Ivoire,2025-01-13,2025-02-18,2727.58,124,88,36,Actif
Sénégal,2023-08-14,2024-07-22,4753.95,642,299,343,Inactif
Togo,2024-12-05,2025-04-09,4291.82,163,38,125,Actif
Burkina Faso,2022-05-26,2024-07-05,1452.11,1087,316,771,Inactif
Sénégal,2023-01-09,2023-02-03,227.88,859,834,25,Inactif
Burkina Faso,2024-03-18,2025-03-20,2665.88,425,58,367,Actif
Togo,2024-05-29,2024-11-11,1162.81,353,187,166,Inactif
Burkina Faso,2022-11-13,2024-03-20,1650.32,916,423,493,Inactif
Togo,2023-09-06,2024-06-16,3769.4,619,335,284,Inactif
Burkina Faso,2024-05-03,2024-05-24,3301.64,379,358,21,Inactif
Sénégal,2024-06-28,2025-02-20,1279.97,323,86,237,Actif
Togo,2024-08-17,2025-02-09,4691.03,273,97,176,Actif
Burkina Faso,2025-03-06,2025-03-15,3293.24,72,63,9,Actif
Côte d'Ivoire,2024-11-13,2024-11-21,3375.27,185,177,8,Actif
Burkina Faso,2024-10-12,2025-08-01,4024.09,217,-76,293,Actif
Cameroun,2025-02-22,2025-04-20,108.62,84,27,57,Actif
Burkina Faso,2024-12-16,2025-06-02,4888.98,152,-16,168,Actif
Burkina Faso,2024-01-14,2025-01-04,797.04,489,133,356,Actif
Cameroun,2023-06-27,2024-01-27,646.89,690,476,214,Inactif
Sénégal,2024-03-17,2025-02-04,940.64,426,102,324,Actif
Sénégal,2023-05-13,2024-04-11,4940.46,735,401,334,Inactif
Sénégal,2024-09-30,2024-12-02,2149.61,229,166,63,Actif
Burkina Faso,2024-01-10,2025-03-06,4970.89,493,72,421,Actif
Burkina Faso,2024-02-11,2025-02-26,3548.98,461,80,381,Actif
Burkina Faso,2024-10-01,2025-03-30,1558.94,228,48,180,Actif
Togo,2024-04-03,2024-04-09,3416.32,409,403,6,Inactif
Burkina Faso,2022-06-23,2023-01-30,512.71,1059,838,221,Inactif
Côte d'Ivoire,2025-08-04,2025-04-15,2457.2,-79,32,-111,Actif
Togo,2023-01-02,2024-03-12,2349.96,866,431,435,Inactif
Burkina Faso,2023-05-28,2023-12-15,2348.0,720,519,201,Inactif
Côte d'Ivoire,2022-04-09,2024-02-28,4657.76,1134,444,690,Inactif
Côte d'Ivoire,2022-11-09,2023-10-19,4938.01,920,576,344,Inactif
Burkina Faso,2022-12-10,2025-02-19,3779.85,889,87,802,Actif
Togo,2022-11-07,2023-08-31,1499.59,922,625,297,Inactif
Togo,2024-08-07,2025-04-15,3431.1,283,32,251,Actif
Côte d'Ivoire,2023-08-15,2024-12-28,265.1,641,140,501,Actif
Sénégal,2022-08-01,2024-10-20,2421.62,1020,209,811,Inactif
Sénégal,2023-02-23,2024-02-02,4194.83,814,470,344,Inactif
